text,label
"They just brought Diesel and they look incredible they smell so good too sweet treat and a coffee I got the cream cheese red it smells incredible",Food and Chat
"We always try to do a photo booth before we like blow up and stuff like that I kind of like the sloth on you like how it has a little",Outing
"Lonnie and I are now in newu which is a wholesale store and first of all it's so packed it's so busy in here and there's like walls and walls of accessories",Outing
"This is our basket it's literally full already like guys this is insane look how many there are and there's another aisle with all the stuff",Outing
"Finding a cute keychain was on my bucket list and this one was $2 in like 50s so I actually want to get this one",Outing
"I'm in this anime and figurine store because my favorite one that I was in hung day that I visited multiple times when I was last in Korea",Outing
"They don't have what I'm looking for at all but I did ask if they know of any other stores that might have what I'm looking for",Outing
"Hey guys so we made it over to gloy in et1 and we are so lucky that we're going to have a little shopping spree and check out some of their pieces",Outing
"This is one thing that I really love about Korean in stores is that there is only one of everything on the floor and so you're not like sifting through all these different sizes",Outing
"I got this gray like bubble skirt has these two cute little bows in the front this is a black corduroy mini skirt",Outing
"I already started wearing this bomber jacket it's like metal I think that's such a nice detail it's like nice and oversized",Outing
"I made some scrambled eggs and avocado toast for breakfast today",Food and Chat
"For breakfast I usually just have some oatmeal with fruit and a smoothie",Food and Chat
"Now we’re heading to the local market to do some shopping",Outing
"I found this cute little shop that sells handmade bags, look at this one",Outing
"This lip balm is amazing, it keeps my lips soft all day",ProductReview
"I’ve been using this serum for a month and my skin feels so much better",ProductReview
"At work I had three meetings back to back and barely got a lunch break",Work
"I'm just wrapping up some editing before submitting my design project",Work
"I quickly toasted some bread and made a banana shake",Food and Chat
"Trying a new cereal today, not sure I like the texture",Food and Chat
"Here’s the planner I use to organize my work week",Work
"Spent most of the morning replying to emails and scheduling calls",Work
"Walking through the shopping district now, so many stores! I feel so alive here, the people and the sun!",Outing
"I picked up some handmade candles and a cozy blanket. My mom always takes one from me because she likes it so much so this time I bought one for her.",Outing
"This shampoo smells amazing and makes my hair feel silky",ProductReview
"Unboxing the skincare kit I got from that influencer's brand",ProductReview
"Unboxing the new apple product. This is so cool and comes in different colours.",ProductReview
"Unboxing the MI headphones. This is honestly the best gift and let me take it out.",ProductReview
"Alright, let’s make some breakfast before we head out.",Food and Chat
"I just made a quick smoothie bowl to start my day.",Food and Chat
"I'm having some scrambled eggs and toast — keeping it simple today.",Food and Chat
"Let’s sit down and have breakfast together, I’ll show you what I made.",Food and Chat
"Food and Chat time! I’m starving, so I made pancakes with bananas.",Food and Chat
"Making my usual avocado toast with some coffee on the side.",Food and Chat
"This is my favorite part of the morning — just enjoying my breakfast in peace.",Food and Chat
"I’m trying to eat healthy, so I made oatmeal with chia seeds today.",Food and Chat
"Here’s my go-to breakfast when I’m in a rush — just some cereal and fruit.",Food and Chat
"I made paratha and chai this morning — simple but so comforting.",Food and Chat
"Let me show you how I make my breakfast smoothie, it’s super quick.",Food and Chat
"I usually like to start my day with eggs and a glass of juice.",Food and Chat
"Today’s breakfast is a little special — I’m making pancakes for everyone!",Food and Chat
"I grabbed a croissant and a coffee on the go this morning.",Food and Chat
"Food and Chat isn’t complete without chai in this house.",Food and Chat
"This morning I decided to treat myself a little, so I made a full breakfast with scrambled eggs, hash browns, toast, and a big cup of coffee to get me going.",Food and Chat
"I usually don't have time for breakfast, but today I woke up early and made myself a nice bowl of oats with berries, honey, and a dash of cinnamon — it was perfect.",Food and Chat
"Before heading out for work, I sat down with a warm plate of pancakes topped with maple syrup and bananas, and just took a few minutes to enjoy the quiet.",Food and Chat
"My favorite thing to do on a lazy Sunday morning is to prepare breakfast slowly — brewing some coffee, making toast, and just enjoying every bite at the table.",Food and Chat
"This morning was a bit chaotic, but I still managed to make some buttered toast and eggs before logging into my meeting — breakfast is non-negotiable for me.",Food and Chat
"I was craving something savory today, so I made aloo paratha with curd and a hot cup of chai, and honestly, it reminded me of my childhood breakfasts at home.",Food and Chat
"I know breakfast is supposed to be the most important meal of the day, so I’m trying to be more consistent — today I made a smoothie with spinach, banana, and peanut butter.",Food and Chat
"I skipped dinner last night so I was extra hungry this morning — I ended up making a big breakfast with toast, fried eggs, sausages, and some orange juice on the side.",Food and Chat
"Every morning, I try to make breakfast a little ritual — I set the table, make some filter coffee, and eat something light like idli or poha while listening to music.",Food and Chat
"After a quick morning walk, I came back and made myself a hot cup of green tea and a bowl of muesli with yogurt and fruit — simple but so refreshing.",Food and Chat
"I’ve been using this skincare serum for about three weeks now, and I have to say I’m genuinely impressed. My skin feels smoother, looks more hydrated, and I’ve noticed a visible reduction in some fine lines around my eyes.",ProductReview
"So this is the third pair of wireless earbuds I’ve tried this year, and these are by far the most comfortable. The sound quality is crisp, the bass is rich, and the battery life lasted me a full workday — seriously impressive.",ProductReview
"I wasn’t sure if this electric frother would be worth the hype, but honestly it’s become one of my favorite kitchen gadgets. It heats up milk in seconds, froths it perfectly, and makes my homemade lattes feel like something out of a café.",ProductReview
"Let’s talk about this jacket. First of all, the material feels premium — it’s warm but lightweight, perfect for mid-winter days. I wore it on a trip last week where temperatures dropped to 5°C, and I stayed perfectly cozy the entire time.",ProductReview
"I finally got my hands on this planner that everyone’s been raving about. It’s structured in such a helpful way, with daily, weekly, and monthly goal sections, and honestly it's been a game changer for my productivity and mindset.",ProductReview
"This ring light is a must-have if you create content. The brightness is adjustable in three different tones, and it even comes with a tripod that’s super stable. I used it for my last shoot and the lighting made such a difference.",ProductReview
"Okay so I’ve had this blender for two months now and it blends frozen fruit like a dream. I’ve made smoothies, soups, and even nut butter — and cleaning it is surprisingly easy with the self-cleaning button.",ProductReview
"I bought this foldable desk for my small apartment and I couldn’t be happier. It fits perfectly in the corner, opens up smoothly, and feels sturdy enough to hold my monitor and all my stationery.",ProductReview
"This phone case may look simple, but it’s incredibly durable. I’ve dropped my phone multiple times — once on concrete — and not even a scratch. Plus the grip on the sides helps a lot when I’m multitasking.",ProductReview
"I’ve been using this water bottle with the hourly markings on the side, and it's surprisingly motivating. I actually drink more water throughout the day and it’s kind of fun watching myself hit the goals on the bottle.",ProductReview
"Before we jump into the next part of the video, I want to thank today’s sponsor, SkillBoost Academy. They’ve got hundreds of bite-sized courses on everything from productivity to photography, all taught by industry professionals. And the best part? You can get a free 1-month trial using the link in my description.",sponsorship
"This video is brought to you by NordVault — the most trusted VPN out there. I use it every time I’m browsing on public Wi-Fi, and it gives me peace of mind knowing my data is secure. If you sign up with my code, you get an extra 3 months completely free!",sponsorship
"Massive shoutout to CleanMate for sponsoring today’s video. Their eco-friendly cleaning products have completely changed how I do chores. They’re safe, non-toxic, and actually work. Head to cleanmate.com and use the code ‘CLEANAYUSHI’ for 20% off your first order.",sponsorship
"Thanks to Audible for sponsoring this part of the video. If you’ve been meaning to read more books but don’t have time, audiobooks are the way to go. I’m currently listening to 'Atomic Habits' during my commute, and I highly recommend it. Click the link below for a free trial and one free audiobook.",sponsorship
"This portion of the video is sponsored by FitFuel Protein. I’ve been drinking their shakes for a month and I feel way more energized post-workout. They taste amazing and they’re loaded with clean ingredients. Use the promo code 'AYUSHIFIT' to get 25% off your first box.",sponsorship
"Quick break to talk about the amazing folks over at MorningBrew, who are sponsoring this video. It’s a free newsletter that gives you all the business and tech news you need, in under 5 minutes every morning. I start every day with it. The sign-up link is right in the description.",sponsorship
"This video is sponsored by Squaresnap — the easiest way to build a beautiful website in minutes. Whether you're a blogger, small business owner, or just want a personal portfolio, their drag-and-drop tools make it super simple. Check them out with my link to get 10% off your first year.",sponsorship
"Big thanks to HelloFresh for sponsoring this video. They send you meal kits with fresh ingredients and easy-to-follow recipes, delivered right to your door. I’ve saved so much time and money using them. Use the link below to get 16 free meals across 7 boxes and 3 surprise gifts!",sponsorship
"Today’s video is brought to you by PaperNote Pro. Whether you’re a student or a content creator, this note-taking app organizes everything in one place — and their AI features are next level. I’ve linked them below with an exclusive discount just for my audience.",sponsorship
"I want to take a moment to thank today’s sponsor: Canva Pro. I use it for all my thumbnails, Instagram posts, and even presentations. It’s packed with templates, stock photos, and fonts. You can try it free for 30 days using the link in my bio — trust me, it’s a game-changer.",sponsorship
"I just wrapped up back-to-back meetings and honestly, my brain is fried. First, there was a strategy call with the marketing team, then I had to jump into a budget planning session with finance.",Work
"So today at work was super hectic. We had a last-minute client presentation and I barely had time to eat lunch. Spent the whole morning preparing slides and practicing my part.",Work
"I’ve been working on this new software rollout for our internal tools, and it’s taken up most of my week. The deployment had a few bugs we’re trying to patch.",Work
"Had to coordinate with our remote team in Europe, which means early morning calls. It's tough managing time zones, but we’re making good progress on the new feature release.",Work
"I got assigned a new project today—it’s a product redesign. I’m really excited because I get to lead a team this time, but also nervous about all the responsibilities.",Work
"My manager asked me to prepare a report on quarterly performance metrics. I had to pull data from different systems and compile it in a way that makes sense for executives.",Work
"It’s been a grind lately. I’m constantly switching between code reviews, standups, and stakeholder meetings. There’s barely any focus time left to actually get deep work done.",Work
"We had a surprise audit at work today and everyone was scrambling. I had to provide access logs and justify a bunch of security protocols.",Work
"Lately I’ve been mentoring a few junior developers at work, and it’s been really rewarding. But balancing that with my own deadlines is definitely a challenge.",Work
"I stayed late at the office to finish editing the campaign materials for tomorrow's product launch. It’s crunch time and we can’t afford any mistakes at this point.",Work
"Today I spent nearly six hours analyzing performance reports from Q2. I had to dig deep into the revenue streams, identify drop-off points in our funnel, and prepare a 10-slide deck for the VP meeting next week.",Work
"Our engineering team had a critical sprint planning session today. We went over the backlog, reassigned tickets, and realigned on velocity expectations. I also had to step in and clarify specs for the mobile devs.",Work
"I just finished reviewing pull requests from two junior engineers. One of them introduced a performance bottleneck, so I had to walk them through optimization techniques and request a refactor.",Work
"The client sent over last-minute feedback on the UI prototype. I had to jump on Figma, make changes to the layout, and sync with the frontend team before EOD so we don't delay the release.",Work
"I spent the whole morning cleaning and transforming raw data from our user analytics pipeline. Then I wrote a script to automate the ETL process before exporting dashboards for our stakeholders.",Work
"Our HR department rolled out a new compliance training today. It took two hours to complete, and I had to quiz the team afterward to ensure they retained the key policy updates.",Work
"I was leading the onboarding session for three new hires. Had to walk them through our codebase architecture, deployment pipeline, and company documentation standards. It took the entire afternoon.",Work
"My manager asked me to present the new workflow automation strategy to the leadership team. So I spent hours building the pitch deck, rehearsing the talk, and doing stakeholder Q&A.",Work
"There was a production outage today caused by a misconfigured DNS entry. I had to coordinate with DevOps, escalate to AWS support, and notify affected teams about the resolution ETA.",Work
"I had to write a performance evaluation report for one of my direct reports. It involved pulling weekly standup logs, reviewing project outcomes, and giving structured feedback across multiple KPIs.",Work
"I'm super excited to tell you that this video is sponsored by SkillShare, the online learning community with thousands of classes to fuel your creativity and career growth. I’ve personally taken their productivity course and it’s a game-changer.",sponsorship
"Before we dive in, a quick shoutout to today's sponsor, NordVPN. I use it every day to keep my browsing safe, especially on public Wi-Fi. Use my code below to get 70% off your plan and a bonus month free!",sponsorship
"This video is brought to you by Squarespace — whether you're looking to build a personal blog, an online portfolio, or even an e-commerce site, Squarespace makes it incredibly easy with beautiful templates and intuitive design tools.",sponsorship
"Thanks to BetterHelp for sponsoring this video. If you're looking for professional therapy online from the comfort of your home, BetterHelp connects you with licensed therapists in just a few clicks.",sponsorship
"A huge thank you to today's sponsor, Audible. I’ve been listening to audiobooks every night before bed, and it’s completely changed my reading routine. Use the link below to get your first audiobook free!",sponsorship
"Shout out to our sponsor, HelloFresh. With HelloFresh, you get fresh, pre-measured ingredients and seasonal recipes delivered right to your door. It’s honestly saved me so much time during the week.",sponsorship
"This segment is sponsored by Raycon. I’ve been using their wireless earbuds for months now — the battery life is solid, the sound quality is crisp, and they’re more affordable than most other brands out there.",sponsorship
"Quick break to thank our sponsor, ExpressVPN. You know I travel a lot, and having a fast, reliable VPN lets me access my favorite content securely from anywhere in the world.",sponsorship
"Special thanks to Magic Spoon for sponsoring this video. This is cereal that’s high in protein, low in carbs, and still tastes amazing. It's literally guilt-free cereal for grown-ups.",sponsorship
"And now a word from our sponsor — Canva Pro. If you’ve ever needed to create stunning visuals, thumbnails, or Instagram stories, Canva Pro gives you access to premium templates, stock photos, and design tools.",sponsorship
"Today's episode is made possible by our sponsor, Surfshark VPN. I use it every time I travel or connect to public Wi-Fi — it protects your data and lets you browse privately. Use code TECHTALK to get 3 extra months free!",sponsorship
"Big thanks to Manscaped for supporting the channel. Their Lawn Mower 4.0 is a game-changer — waterproof, wireless, and built with skin-safe tech. Visit manscaped.com and use code CLEAN10 for 20% off.",sponsorship
"This video is sponsored by Honey — the free browser extension that automatically finds and applies coupon codes while you shop online. I’ve saved so much on tech and clothes lately. Install it in seconds from the link below.",sponsorship
"A huge thank you to Dossier for sponsoring this video. If you're into luxury scents but not luxury prices, Dossier offers affordable perfumes inspired by designer fragrances. My current favorite is their Woody Sandalwood.",sponsorship
"Before we get into today’s tutorial, I want to thank our sponsor Notion. Whether you're managing a team, your own projects, or even your content calendar, Notion helps you stay organized and synced across devices.",sponsorship
"Shout out to Athletic Greens for sponsoring today’s content. I’ve been starting my mornings with AG1 and it’s made a huge difference in my energy levels and gut health. Click the link in the description for a special offer.",sponsorship
"Thanks to Morning Brew for sponsoring this video. It’s the only newsletter I read in the morning. It’s fun, informative, and gets you up to speed on business and tech news in under 5 minutes. Best of all — it’s free!",sponsorship
"Let me introduce you to today's sponsor, Brilliant.org. They make learning math, science, and computer science fun and interactive. If you're curious and want to level up your thinking, use my link for 20% off.",sponsorship
"This video is brought to you in partnership with Shopify. Whether you're starting your first business or scaling your brand, Shopify gives you all the tools to succeed in e-commerce. Try it free using the link below.",sponsorship
"Special thanks to Wondrium for sponsoring this episode. Wondrium offers thousands of in-depth courses on everything from history to photography to personal finance. Start your free trial today and get learning!",sponsorship
"Okay so today I went to the mall just to grab a few things but as always, I ended up with way more than I intended. First stop was Zara, they had this crazy sale going on and I just couldn’t resist. I picked up two oversized shirts and these super cute beige trousers that I think will go with literally anything.",Outing
"I was originally just supposed to get groceries but then I saw this new store open across the street and it was so aesthetic I had to check it out. They had these really cute tote bags and rings, and the vibe inside was amazing. I spent nearly 45 minutes there just browsing through candles and notebooks.",Outing
"Let me walk you through everything I grabbed at the street market today. It was SO crowded but worth it. I got this jhumka set, then two kurtas that I’m honestly obsessed with. One is mustard yellow with embroidery and the other is this indigo print. I also bargained for a bamboo basket for my plants!",Outing
"We spent literally three hours walking around the mall, hopping from store to store. I didn’t even realize how many bags I was carrying until we stopped at Starbucks. Picked up some skincare minis, two crop tops, and I finally found those chunky sneakers I’ve been eyeing online but wanted to try in person first.",Outing
"My friend and I went on a spontaneous shopping spree because it was her birthday. We went to Miniso first, obviously. I bought these cute little organizers for my desk, a plushie (yes I’m still collecting them), and some Korean sheet masks. After that we went to Lifestyle and I found this gorgeous handbag on discount.",Outing
"Literally had no intention to shop today but somehow ended up doing major damage at H&M. Their new collection is so minimal and clean, I love it. Got a pair of wide leg pants, a basic black tee, and a cropped hoodie. Oh and I found this chunky chain necklace at the checkout which just called out to me.",Outing
"I went with mom to pick up her saree from the tailor but of course, we ended up going to that local shop next door. Found the most adorable handcrafted earrings and then saw they had hand-stitched cushion covers too. We spent over an hour there because every corner had something unique.",Outing
"Went to Sarojini Nagar today and oh my god, the deals are still insane. I got a denim jacket for just 300 bucks, can you believe it? Also picked up three tank tops, some sunglasses, and a sling bag. It’s always so chaotic there but such a thrill to hunt for good pieces.",Outing
"I just love wandering through the aisles, discovering random little treasures. Today I found a beautiful handmade scarf that was perfect for the winter season, and it only cost a fraction of what I'd pay in a boutique. Outing days like this are the best because you never know what you'll find!",Outing
"Spent the afternoon at the outlet mall and scored some amazing deals on summer dresses and sandals. I always go for a casual look when shopping, so comfort is key, but these finds are both stylish and affordable. Can’t wait to wear them on my next beach trip!",Outing
"Walking into the store, the first thing that caught my eye was the colorful display of sneakers. I tried on three different pairs before settling on a classic white pair that goes with everything. The vibe in the store was so lively with upbeat music and helpful staff, making the experience so much fun.",Outing
"Checked out a few thrift stores today in search of vintage clothes, and I found the coolest leather jacket! It has some wear and tear, but that’s what makes it unique. Thrifting is such a rewarding way to shop because you get one-of-a-kind pieces at great prices.",Outing
"I went on a shopping spree with my best friend and we hit up every store from high-end brands to budget-friendly boutiques. We shared opinions on each item, tried on way too many outfits, and ended up buying a mix of statement pieces and everyday basics. The whole day was such a vibe!",Outing
"Today’s shopping haul includes some gorgeous handmade jewelry from a local artisan market. I loved supporting small businesses and getting accessories that you just won’t find anywhere else. Plus, it feels great knowing these pieces have a story behind them.",Outing
"I’m obsessed with the new eco-friendly section in the supermarket! I grabbed reusable produce bags, organic snacks, and biodegradable cleaning products. Outing sustainably is something I’m trying to focus on more this year, and it feels good to make small changes.",Outing
"Had a blast shopping for home decor items today! Picked up some chic throw pillows, scented candles, and quirky wall art. The store had such a cozy atmosphere and the staff helped me mix and match colors for a perfect look. It’s amazing how a few pieces can transform a room!",Outing
"I spent hours browsing through the mall today, trying to decide between different brands and styles. The highlight was finding a vintage leather bag that perfectly matched my outfit plans for the upcoming season. Outing really helps me unwind and refresh my wardrobe.",Outing
"From the moment I stepped into the flea market, I was drawn to the vibrant colors and unique items. I picked up a beautiful handwoven basket and some fresh produce from local farmers. Outing local markets is such a refreshing change from big-box stores.",Outing
"Today’s shopping adventure was all about hunting for the best winter coats. After trying on at least ten jackets, I finally found one that fits perfectly and keeps me warm. The friendly store assistants made the experience much easier and more enjoyable.",Outing
"I love how shopping can be both therapeutic and exciting. I hit the clearance racks first and scored a few designer pieces at a steal. Then, I wandered over to the cosmetics aisle just to see what new products they had out for the holidays.",Outing
"My favorite part of shopping is discovering new brands that I wouldn’t normally try. Today I stumbled across an indie shoe brand that had amazing styles and incredible comfort. It felt great supporting a smaller business while upgrading my shoe collection.",Outing
"I headed out with my sister to do some last-minute gift shopping. We navigated crowded stores, hunted for deals, and shared laughs over coffee breaks. Even though it was hectic, there’s something magical about shopping for presents that makes the holiday spirit come alive.",Outing
"One of my go-to weekend activities is strolling through local boutiques and pop-up shops. There’s always something new and interesting, whether it’s handcrafted pottery or artisanal chocolates. Outing small really connects me with the community.",Outing
"Outing online can be fun too, especially when you find a site with unique finds and free shipping. Today I ordered a few home accessories that will add a cozy touch to my living room. I love the convenience but still enjoy visiting physical stores whenever I can.",Outing
"I’ve been using this wireless noise-cancelling headphone for about two weeks now, and honestly, it’s been a game-changer. The sound quality is crisp, with deep bass and clear highs, which really enhances my music experience. The battery life lasts me a full day of heavy use, and the comfort level is impressive even during long listening sessions. One minor downside is that the touch controls can be a bit sensitive, but overall, I highly recommend this for anyone looking for quality headphones at a reasonable price.",ProductReview
"After trying out this new electric toothbrush, I can confidently say it’s worth the investment. It has multiple brushing modes, including one for sensitive gums, which I’ve found very gentle yet effective. The timer feature ensures I brush for the recommended two minutes, and the battery charges quickly. I noticed a significant improvement in my gum health after just a week of use. The only con is that replacement brush heads are a bit pricey, but considering the benefits, it’s a small tradeoff.",ProductReview
"This blender has become a staple in my kitchen. It’s powerful enough to crush ice and blend tough vegetables smoothly, which makes it perfect for smoothies and soups. The controls are intuitive, and cleanup is a breeze since the jar is dishwasher safe. However, it’s a bit louder than I expected, which can be annoying in the mornings. Despite that, the consistent performance and durability make it a great buy.",ProductReview
"I tested this skincare serum for about a month and saw visible changes in my skin texture and brightness. The formula is lightweight and absorbs quickly without leaving any greasy residue. I especially appreciate the inclusion of hyaluronic acid and vitamin C, which work well together to hydrate and brighten my complexion. I did experience slight irritation initially, but it subsided after a few uses. If you have sensitive skin, I recommend patch testing first. Overall, it’s an effective product that delivers on its promises.",ProductReview
"This laptop exceeded my expectations in both performance and portability. It boots up quickly, handles multitasking effortlessly, and the battery lasts through my workday without needing a charge. The keyboard is comfortable for long typing sessions, and the display has vibrant colors with excellent viewing angles. My only gripe is that the webcam quality is mediocre, which could be better for video calls. Still, it’s an excellent choice for professionals and students alike.",ProductReview
"I recently purchased this vacuum cleaner, and it has truly simplified my cleaning routine. The suction power is strong enough to pick up pet hair and debris from both carpets and hard floors. It’s lightweight and easy to maneuver around furniture, and the detachable handheld component is great for stairs and upholstery. The dustbin is easy to empty, though I wish it were slightly larger to reduce emptying frequency. For the price, it offers excellent value and performance.",ProductReview
"This smartwatch has a sleek design and offers a comprehensive set of features, including heart rate monitoring, sleep tracking, and GPS. The app integration is seamless, making it easy to analyze my fitness data and set goals. Battery life is decent, lasting about two days on a single charge. I did notice occasional syncing delays, but they were infrequent. It’s a solid choice for anyone wanting to stay on top of their health and fitness.",ProductReview
"I bought this DSLR camera for my photography hobby, and it’s been fantastic so far. The image quality is sharp, and the autofocus system is fast and reliable, even in low light conditions. It has a variety of manual settings that allow me to experiment creatively. The only downside is the bulkiness compared to mirrorless models, but I don’t mind that given the professional results it delivers. Overall, it’s a robust camera suited for both beginners and enthusiasts.",ProductReview
"I’ve been testing this smartphone for over a month now, and the camera quality is impressive with vibrant colors and excellent low-light performance. The battery easily lasts all day, even with heavy usage like gaming and video streaming. The interface is smooth and intuitive, though I did notice occasional app crashes. Overall, it offers great value for the price point and competes well with flagship models.",ProductReview
"This ergonomic office chair has improved my posture significantly during long work hours. The lumbar support is adjustable and firm, which prevents back pain. The padding is comfortable but firm enough to stay supportive. Assembly was straightforward, and the wheels glide smoothly on carpet and hardwood. The only downside is the armrests feel a bit narrow for wider builds. Still, it’s a solid buy for anyone working from home.",ProductReview
"I tried this waterproof fitness tracker for the past two weeks, and I’m very pleased with its accuracy in tracking steps and heart rate. The display is bright and readable in direct sunlight. The app provides useful insights on sleep quality and daily activity levels. Setup was quick, and syncing with my phone was seamless. The only minor issue is that the band material can irritate sensitive skin if worn too tight.",ProductReview
"This kitchen knife set is sharp right out of the box and maintains its edge well after frequent use. The handles are ergonomic and provide a secure grip even when wet. Cutting through tough vegetables and meats is effortless. I’ve noticed a significant improvement in my prep time thanks to these knives. The included storage block is compact but sturdy. I highly recommend this set for both amateur cooks and professionals.",ProductReview
"I’ve been using this facial cleansing brush daily for a month, and it has noticeably improved my skin texture. The rotating bristles gently exfoliate without causing irritation, even for my sensitive skin. It has multiple speed settings that are easy to adjust, and the waterproof design makes cleaning simple. The battery lasts several weeks on a single charge. My only complaint is the charging cable is a bit short, which limits placement options.",ProductReview
"This portable Bluetooth speaker delivers excellent sound quality with balanced mids and clear highs. The bass response is solid for its size, and the volume goes loud enough for outdoor use. Battery life lasts around 10 hours on a full charge, which is impressive. It’s compact, lightweight, and has a durable build that can handle minor drops. I use it daily during workouts and small gatherings and have been very happy with its performance.",ProductReview
"I purchased this anti-fatigue mat for my standing desk, and it’s made a huge difference in comfort. The foam is dense yet supportive, reducing strain on my feet and legs during long hours. The surface texture provides good traction, preventing slips. It’s easy to clean and durable enough to withstand daily wear. I wish it came in more color options, but functionality-wise, it’s outstanding.",ProductReview
"This DSLR lens produces stunning sharpness and beautiful bokeh. Autofocus is fast and quiet, which is perfect for both photography and video recording. The build quality feels premium with weather sealing, so I’m confident using it in various conditions. The zoom range is versatile enough for landscapes and portraits alike. It’s a bit heavy, but that’s expected given the glass elements. Definitely a worthwhile investment for serious photographers.",ProductReview
"I recently started using this meal prep container set, and it’s fantastic for keeping my meals organized and fresh. The containers are microwave-safe, leak-proof, and stack neatly in the fridge. The lids seal tightly, preventing spills during transport. Cleaning is easy since they’re dishwasher-safe. The only minor drawback is that some lids are a bit stiff to snap on, but that may loosen with use. Overall, it’s an essential addition to my kitchen routine.",ProductReview
"This smartwatch has a user-friendly interface and a wide range of fitness features, including GPS tracking, heart rate monitoring, and sleep analysis. The battery life lasts about four days with moderate use, which is better than many competitors. The design is sleek and comfortable to wear all day. Occasionally, the notifications lag a bit, but that doesn’t happen often. It’s a great choice for those wanting a balance between style and functionality.",ProductReview
"Filmed and edited for six hours straight — creative burnout is real",Work
"Went out with friends to a new taco place downtown — 10/10 recommend",Outing
"So today I was just reflecting on how fast this year has gone by",Chat
"Finishing up a client presentation that’s due tomorrow",Work
"Filmed and edited for six hours straight — creative burnout is real",Work
"Made a stop at the pharmacy for vitamins and toothpaste",Errands
"Window shopping turned into real shopping — I couldn’t resist",Outing
"Attended an open mic night — the vibe was chill and people were talented",Outing
"Finishing up a client presentation that’s due tomorrow",Work
"Made a stop at the pharmacy for vitamins and toothpaste",Errands
"Went out with friends to a new taco place downtown — 10/10 recommend",Outing
"Filmed and edited for six hours straight — creative burnout is real",Work
"I’ve been really into reading mystery novels lately, they help me unwind after long days",Chat
"I’ve been really into reading mystery novels lately, they help me unwind after long days",Chat
"Went out with friends to a new taco place downtown — 10/10 recommend",Outing
"Worked on the new campaign strategy, feels like we’re finally getting somewhere",Work
"Had back-to-back meetings today, barely had time for lunch",Work
"I've been thinking a lot about switching careers lately, just wanted to share",Chat
"Had brunch at a cozy little café, the pancakes were amazing",Outing
"So today I was just reflecting on how fast this year has gone by",Chat
"Started outlining my goals for Q3 at work, hoping to hit all of them",Work
"Started outlining my goals for Q3 at work, hoping to hit all of them",Work
"Made a stop at the pharmacy for vitamins and toothpaste",Errands
"Window shopping turned into real shopping — I couldn’t resist",Outing
"I had a long call with my sister — we talked about work, life, and relationships",Chat
"I’ve been really into reading mystery novels lately, they help me unwind after long days",Chat
"Had back-to-back meetings today, barely had time for lunch",Work
"Made a stop at the pharmacy for vitamins and toothpaste",Errands
"Worked on the new campaign strategy, feels like we’re finally getting somewhere",Work
"Had back-to-back meetings today, barely had time for lunch",Work
"Worked on the new campaign strategy, feels like we’re finally getting somewhere",Work
"Finishing up a client presentation that’s due tomorrow",Work
"Went out with friends to a new taco place downtown — 10/10 recommend",Outing
"I had a long call with my sister — we talked about work, life, and relationships",Chat
"Spending time with my dog always helps me calm down after stressful meetings",Chat
"Window shopping turned into real shopping — I couldn’t resist",Outing
"Filmed and edited for six hours straight — creative burnout is real",Work
"Went out with friends to a new taco place downtown — 10/10 recommend",Outing
"Filmed and edited for six hours straight — creative burnout is real",Work
"Spent the afternoon at the museum, the art exhibit was incredible",Outing
"Had to go to the bank and post office — adulting at its finest",Errands
"Made a stop at the pharmacy for vitamins and toothpaste",Errands
"Went out with friends to a new taco place downtown — 10/10 recommend",Outing
"Spent the afternoon at the museum, the art exhibit was incredible",Outing
"I've been thinking a lot about switching careers lately, just wanted to share",Chat
"Attended an open mic night — the vibe was chill and people were talented",Outing
"Went out with friends to a new taco place downtown — 10/10 recommend",Outing
"Worked on the new campaign strategy, feels like we’re finally getting somewhere",Work
"Finishing up a client presentation that’s due tomorrow",Work
"I've been thinking a lot about switching careers lately, just wanted to share",Chat
"First thing this morning I hit the gym, felt so good to move",Errands
"I've been thinking a lot about switching careers lately, just wanted to share",Chat
"Went out with friends to a new taco place downtown — 10/10 recommend",Outing
"I’ve been really into reading mystery novels lately, they help me unwind after long days",Chat
"Had brunch at a cozy little café, the pancakes were amazing",Outing
"Worked on the new campaign strategy, feels like we’re finally getting somewhere",Work
"I had a long call with my sister — we talked about work, life, and relationships",Chat
"Made a stop at the pharmacy for vitamins and toothpaste",Errands
"First thing this morning I hit the gym, felt so good to move",Errands
"Spending time with my dog always helps me calm down after stressful meetings",Chat
"Had to go to the bank and post office — adulting at its finest",Errands
"Finishing up a client presentation that’s due tomorrow",Work
"Spending time with my dog always helps me calm down after stressful meetings",Chat
"So today I was just reflecting on how fast this year has gone by",Chat
"Filmed and edited for six hours straight — creative burnout is real",Work
"Had back-to-back meetings today, barely had time for lunch",Work
"Had brunch at a cozy little café, the pancakes were amazing",Outing
"Spending time with my dog always helps me calm down after stressful meetings",Chat
"Dropped off dry cleaning, then headed to get my car serviced",Errands
"Picked up some groceries, restocked on essentials like milk, eggs, and snacks",Errands
"First thing this morning I hit the gym, felt so good to move",Errands
"First thing this morning I hit the gym, felt so good to move",Errands
"Spent the afternoon at the museum, the art exhibit was incredible",Outing
"Finishing up a client presentation that’s due tomorrow",Work
"Spent the afternoon at the museum, the art exhibit was incredible",Outing
"Made a stop at the pharmacy for vitamins and toothpaste",Errands
"Picked up some groceries, restocked on essentials like milk, eggs, and snacks",Errands
"Made a stop at the pharmacy for vitamins and toothpaste",Errands
"Spent the afternoon at the museum, the art exhibit was incredible",Outing
"So today I was just reflecting on how fast this year has gone by",Chat
"Had brunch at a cozy little café, the pancakes were amazing",Outing
"Finishing up a client presentation that’s due tomorrow",Work
"So today I was just reflecting on how fast this year has gone by",Chat
"Worked on the new campaign strategy, feels like we’re finally getting somewhere",Work
"Had to go to the bank and post office — adulting at its finest",Errands
"I had a long call with my sister — we talked about work, life, and relationships",Chat
"Had to go to the bank and post office — adulting at its finest",Errands
"Had back-to-back meetings today, barely had time for lunch",Work
"Spending time with my dog always helps me calm down after stressful meetings",Chat
"Attended an open mic night — the vibe was chill and people were talented",Outing
"Had to go to the bank and post office — adulting at its finest",Errands
"Attended an open mic night — the vibe was chill and people were talented",Outing
"Made a stop at the pharmacy for vitamins and toothpaste",Errands
"I've been thinking a lot about switching careers lately, just wanted to share",Chat
"I've been thinking a lot about switching careers lately, just wanted to share",Chat
"I've been thinking a lot about switching careers lately, just wanted to share",Chat
"Spent the afternoon at the museum, the art exhibit was incredible",Outing
"Worked on the new campaign strategy, feels like we’re finally getting somewhere",Work
"First thing this morning I hit the gym, felt so good to move",Errands
"Picked up some groceries, restocked on essentials like milk, eggs, and snacks",Errands
"Window shopping turned into real shopping — I couldn’t resist",Outing
"Worked on the new campaign strategy, feels like we’re finally getting somewhere",Work
"So today I was just reflecting on how fast this year has gone by",Chat
"I had a long call with my sister — we talked about work, life, and relationships",Chat
"Worked on the new campaign strategy, feels like we’re finally getting somewhere",Work
"First thing this morning I hit the gym, felt so good to move",Errands
"Window shopping turned into real shopping — I couldn’t resist",Outing
"Went out with friends to a new taco place downtown — 10/10 recommend",Outing
"Finishing up a client presentation that’s due tomorrow",Work
"I had a long call with my sister — we talked about work, life, and relationships",Chat
"Had to go to the bank and post office — adulting at its finest",Errands
"Had brunch at a cozy little café, the pancakes were amazing",Outing
"First thing this morning I hit the gym, felt so good to move",Errands
"Spent the afternoon at the museum, the art exhibit was incredible",Outing
"I’ve been really into reading mystery novels lately, they help me unwind after long days",Chat
"Spending time with my dog always helps me calm down after stressful meetings",Chat
"So today I was just reflecting on how fast this year has gone by",Chat
"Had back-to-back meetings today, barely had time for lunch",Work
"I’ve been really into reading mystery novels lately, they help me unwind after long days",Chat
"I had a long call with my sister — we talked about work, life, and relationships",Chat
"Started outlining my goals for Q3 at work, hoping to hit all of them",Work
"Went out with friends to a new taco place downtown — 10/10 recommend",Outing
"Made a stop at the pharmacy for vitamins and toothpaste",Errands
"Attended an open mic night — the vibe was chill and people were talented",Outing
"Started outlining my goals for Q3 at work, hoping to hit all of them",Work
"Had brunch at a cozy little café, the pancakes were amazing",Outing
"Had to go to the bank and post office — adulting at its finest",Errands
"Had brunch at a cozy little café, the pancakes were amazing",Outing
"Finishing up a client presentation that’s due tomorrow",Work
"Went out with friends to a new taco place downtown — 10/10 recommend",Outing
"I had a long call with my sister — we talked about work, life, and relationships",Chat
"Had back-to-back meetings today, barely had time for lunch",Work
"Started outlining my goals for Q3 at work, hoping to hit all of them",Work
"Had brunch at a cozy little café, the pancakes were amazing",Outing
"Spent the afternoon at the museum, the art exhibit was incredible",Outing
"I’ve been really into reading mystery novels lately, they help me unwind after long days",Chat
"Attended an open mic night — the vibe was chill and people were talented",Outing
"Had to go to the bank and post office — adulting at its finest",Errands
"I’ve been really into reading mystery novels lately, they help me unwind after long days",Chat
"I’ve been really into reading mystery novels lately, they help me unwind after long days",Chat
"Spent the afternoon at the museum, the art exhibit was incredible",Outing
"I've been thinking a lot about switching careers lately, just wanted to share",Chat
"I've been thinking a lot about switching careers lately, just wanted to share",Chat
"So today I was just reflecting on how fast this year has gone by",Chat
"Started outlining my goals for Q3 at work, hoping to hit all of them",Work
"Spending time with my dog always helps me calm down after stressful meetings",Chat
"Started outlining my goals for Q3 at work, hoping to hit all of them",Work
"Picked up some groceries, restocked on essentials like milk, eggs, and snacks",Errands
"Dropped off dry cleaning, then headed to get my car serviced",Errands
"Made a stop at the pharmacy for vitamins and toothpaste",Errands
"Worked on the new campaign strategy, feels like we’re finally getting somewhere",Work
"Went out with friends to a new taco place downtown — 10/10 recommend",Outing
"I had a long call with my sister — we talked about work, life, and relationships",Chat
"Attended an open mic night — the vibe was chill and people were talented",Outing
"First thing this morning I hit the gym, felt so good to move",Errands
"I've been thinking a lot about switching careers lately, just wanted to share",Chat
"So today I was just reflecting on how fast this year has gone by",Chat
"Dropped off dry cleaning, then headed to get my car serviced",Errands
"Finishing up a client presentation that’s due tomorrow",Work
"Had to go to the bank and post office — adulting at its finest",Errands
"Finishing up a client presentation that’s due tomorrow",Work
"First thing this morning I hit the gym, felt so good to move",Errands
"I've been thinking a lot about switching careers lately, just wanted to share",Chat
"Had back-to-back meetings today, barely had time for lunch",Work
"Had brunch at a cozy little café, the pancakes were amazing",Outing
"Window shopping turned into real shopping — I couldn’t resist",Outing
"Spending time with my dog always helps me calm down after stressful meetings",Chat
"I’ve been really into reading mystery novels lately, they help me unwind after long days",Chat
"Started outlining my goals for Q3 at work, hoping to hit all of them",Work
"I had a long call with my sister — we talked about work, life, and relationships",Chat
"I had a long call with my sister — we talked about work, life, and relationships",Chat
"Had brunch at a cozy little café, the pancakes were amazing",Outing
"Started outlining my goals for Q3 at work, hoping to hit all of them",Work
"Picked up some groceries, restocked on essentials like milk, eggs, and snacks",Errands
"Had back-to-back meetings today, barely had time for lunch",Work
"Dropped off dry cleaning, then headed to get my car serviced",Errands
"Had to go to the bank and post office — adulting at its finest",Errands
"Picked up some groceries, restocked on essentials like milk, eggs, and snacks",Errands
"I had a long call with my sister — we talked about work, life, and relationships",Chat
"Started outlining my goals for Q3 at work, hoping to hit all of them",Work
"Spent the afternoon at the museum, the art exhibit was incredible",Outing
"Had back-to-back meetings today, barely had time for lunch",Work
"Attended an open mic night — the vibe was chill and people were talented",Outing
"Had to go to the bank and post office — adulting at its finest",Errands
"Window shopping turned into real shopping — I couldn’t resist",Outing
"Spent the afternoon at the museum, the art exhibit was incredible",Outing
"Picked up some groceries, restocked on essentials like milk, eggs, and snacks",Errands
"Had back-to-back meetings today, barely had time for lunch",Work
"Made a stop at the pharmacy for vitamins and toothpaste",Errands
"I’ve been really into reading mystery novels lately, they help me unwind after long days",Chat
"So today I was just reflecting on how fast this year has gone by",Chat
"Started outlining my goals for Q3 at work, hoping to hit all of them",Work
"Spending time with my dog always helps me calm down after stressful meetings",Chat
"Picked up some groceries, restocked on essentials like milk, eggs, and snacks",Errands
"Filmed and edited for six hours straight — creative burnout is real",Work
"I had a long call with my sister — we talked about work, life, and relationships",Chat
"Picked up some groceries, restocked on essentials like milk, eggs, and snacks",Errands
"Made a stop at the pharmacy for vitamins and toothpaste",Errands
"Window shopping turned into real shopping — I couldn’t resist",Outing
"I've been thinking a lot about switching careers lately, just wanted to share",Chat
"Filmed and edited for six hours straight — creative burnout is real",Work
"Had back-to-back meetings today, barely had time for lunch",Work
"I've been thinking a lot about switching careers lately, just wanted to share",Chat
"Had brunch at a cozy little café, the pancakes were amazing",Outing
"Spending time with my dog always helps me calm down after stressful meetings",Chat
"Worked on the new campaign strategy, feels like we’re finally getting somewhere",Work
"Had brunch at a cozy little café, the pancakes were amazing",Outing
"Spending time with my dog always helps me calm down after stressful meetings",Chat
"Worked on the new campaign strategy, feels like we’re finally getting somewhere",Work
"I had a long call with my sister — we talked about work, life, and relationships",Chat
"Started outlining my goals for Q3 at work, hoping to hit all of them",Work
"Went out with friends to a new taco place downtown — 10/10 recommend",Outing
"Spending time with my dog always helps me calm down after stressful meetings",Chat
"Made a stop at the pharmacy for vitamins and toothpaste",Errands
"So today I was just reflecting on how fast this year has gone by",Chat
"Finishing up a client presentation that’s due tomorrow",Work
"First thing this morning I hit the gym, felt so good to move",Errands
"I’ve been really into reading mystery novels lately, they help me unwind after long days",Chat
"So today I was just reflecting on how fast this year has gone by",Chat
"Window shopping turned into real shopping — I couldn’t resist",Outing
"Finishing up a client presentation that’s due tomorrow",Work
"Dropped off dry cleaning, then headed to get my car serviced",Errands
"Dropped off dry cleaning, then headed to get my car serviced",Errands
"So today I was just reflecting on how fast this year has gone by",Chat
"Spending time with my dog always helps me calm down after stressful meetings",Chat
"Filmed and edited for six hours straight — creative burnout is real",Work
"Had back-to-back meetings today, barely had time for lunch",Work
"Started outlining my goals for Q3 at work, hoping to hit all of them",Work
"Window shopping turned into real shopping — I couldn’t resist",Outing
"First thing this morning I hit the gym, felt so good to move",Errands
"Dropped off dry cleaning, then headed to get my car serviced",Errands
"I’ve been really into reading mystery novels lately, they help me unwind after long days",Chat
"Filmed and edited for six hours straight — creative burnout is real",Work
"Attended an open mic night — the vibe was chill and people were talented",Outing
"Had back-to-back meetings today, barely had time for lunch",Work
"Attended an open mic night — the vibe was chill and people were talented",Outing
"Picked up some groceries, restocked on essentials like milk, eggs, and snacks",Errands
"Dropped off dry cleaning, then headed to get my car serviced",Errands
"Worked on the new campaign strategy, feels like we’re finally getting somewhere",Work
"First thing this morning I hit the gym, felt so good to move",Errands
"Finishing up a client presentation that’s due tomorrow",Work
"Dropped off dry cleaning, then headed to get my car serviced",Errands
"Spent the afternoon at the museum, the art exhibit was incredible",Outing
"Worked on the new campaign strategy, feels like we’re finally getting somewhere",Work
"Filmed and edited for six hours straight — creative burnout is real",Work
"Filmed and edited for six hours straight — creative burnout is real",Work
"Picked up some groceries, restocked on essentials like milk, eggs, and snacks",Errands
"So today I was just reflecting on how fast this year has gone by",Chat
"I've been thinking a lot about switching careers lately, just wanted to share",Chat
"Spending time with my dog always helps me calm down after stressful meetings",Chat
"First thing this morning I hit the gym, felt so good to move",Errands
"Had brunch at a cozy little café, the pancakes were amazing",Outing
"Went out with friends to a new taco place downtown — 10/10 recommend",Outing
"Picked up some groceries, restocked on essentials like milk, eggs, and snacks",Errands
"Attended an open mic night — the vibe was chill and people were talented",Outing
"Dropped off dry cleaning, then headed to get my car serviced",Errands
"Attended an open mic night — the vibe was chill and people were talented",Outing
"Spent the afternoon at the museum, the art exhibit was incredible",Outing
"Worked on the new campaign strategy, feels like we’re finally getting somewhere",Work
"Window shopping turned into real shopping — I couldn’t resist",Outing
"Window shopping turned into real shopping — I couldn’t resist",Outing
"I had a long call with my sister — we talked about work, life, and relationships",Chat
"Had to go to the bank and post office — adulting at its finest",Errands
"Picked up some groceries, restocked on essentials like milk, eggs, and snacks",Errands
"Dropped off dry cleaning, then headed to get my car serviced",Errands
"Picked up some groceries, restocked on essentials like milk, eggs, and snacks",Errands
"Had to go to the bank and post office — adulting at its finest",Errands
"Dropped off dry cleaning, then headed to get my car serviced",Errands
"Had to go to the bank and post office — adulting at its finest",Errands
"First thing this morning I hit the gym, felt so good to move",Errands
"Spent the afternoon at the museum, the art exhibit was incredible",Outing
"Started outlining my goals for Q3 at work, hoping to hit all of them",Work
"Picked up some groceries, restocked on essentials like milk, eggs, and snacks",Errands
"Finishing up a client presentation that’s due tomorrow",Work
"Had back-to-back meetings today, barely had time for lunch",Work
"Dropped off dry cleaning, then headed to get my car serviced",Errands
"I've been thinking a lot about switching careers lately, just wanted to share",Chat
"Filmed and edited for six hours straight — creative burnout is real",Work
"Spent the afternoon at the museum, the art exhibit was incredible",Outing
"Filmed and edited for six hours straight — creative burnout is real",Work
"Had to go to the bank and post office — adulting at its finest",Errands
"Window shopping turned into real shopping — I couldn’t resist",Outing
"Had brunch at a cozy little café, the pancakes were amazing",Outing
"Attended an open mic night — the vibe was chill and people were talented",Outing
"Attended an open mic night — the vibe was chill and people were talented",Outing
"Dropped off dry cleaning, then headed to get my car serviced",Errands
"So today I was just reflecting on how fast this year has gone by",Chat
"Had brunch at a cozy little café, the pancakes were amazing",Outing
"Attended an open mic night — the vibe was chill and people were talented",Outing
"I’ve been really into reading mystery novels lately, they help me unwind after long days",Chat
"Filmed and edited for six hours straight — creative burnout is real",Work
"Went out with friends to a new taco place downtown — 10/10 recommend",Outing
"Started outlining my goals for Q3 at work, hoping to hit all of them",Work
"Made a stop at the pharmacy for vitamins and toothpaste",Errands
"Spending time with my dog always helps me calm down after stressful meetings",Chat
"I’ve been really into reading mystery novels lately, they help me unwind after long days",Chat
"Window shopping turned into real shopping — I couldn’t resist",Outing
"Window shopping turned into real shopping — I couldn’t resist",Outing
"First thing this morning I hit the gym, felt so good to move",Errands
"Dropped off dry cleaning, then headed to get my car serviced",Errands
"I got this amazing bubble tea from that new café near 8th street and honestly it’s one of the best I’ve had in a while",Food and Chat
"This lasagna is everything! Layered perfectly and the sauce is just bursting with flavor",Food and Chat
"So I tried this Korean corn dog place everyone’s been raving about and wow, it’s worth the hype",Food and Chat
"They just brought Diesel and they look incredible they smell so good too sweet treat and a coffee I got the cream cheese red it smells incredible",Food and Chat
"We're just sitting here eating dumplings and catching up on how crazy this week has been",Food and Chat
"I love spicy food but this ramen totally blew my mind, I was sweating by the second bite",Food and Chat
"So I went with the salmon poke bowl again — it’s my comfort meal after long work days",Food and Chat
"We were having biryani and just talking about how different weddings are in every culture",Food and Chat
"This chocolate croissant was flaky perfection and I had to get a second one",Food and Chat
"Today I made dalgona coffee again and it still hits just right during monsoon",Food and Chat
"We’re sharing this huge platter of fries and debating the best movies of 2023",Food and Chat
"I ordered the Mediterranean wrap and honestly it’s better than anything I’ve had from a food truck before",Food and Chat
"Trying this avocado toast while discussing our travel plans for next summer",Food and Chat
"We’re making instant noodles with egg and talking about the first concerts we ever went to",Food and Chat
"I had Thai green curry while my friend was ranting about their office drama",Food and Chat
"Made a huge breakfast today — pancakes, eggs, hash browns — and we were just talking about dreams",Food and Chat
"We just finished eating those spicy tacos and now we're planning our trip to the hills",Food and Chat
"Had iced matcha latte and caught up with friends about their new jobs",Food and Chat
"Snacked on churros dipped in chocolate while listening to ghost stories",Food and Chat
"Just sipping on lemonade and watching the sunset, talking about old memories",Food and Chat
"I bought this serum from GlowDrip and after a week my skin feels super smooth and hydrated",ProductReview
"This mechanical keyboard is super responsive and the RGB lighting is just perfect for my desk setup",ProductReview
"I tested this new vegan burger patty from PlantMeat and it tastes almost like real meat",ProductReview
"Been trying this new hair oil by Natural Roots and my hair fall has reduced visibly",ProductReview
"I switched to the EcoBrew coffee machine and it’s saved me so much money on café runs",ProductReview
"This lightweight moisturizer absorbs fast and leaves a matte finish, love it under makeup",ProductReview
"Just reviewed the AirPods Pro 2 — noise cancellation is top-tier and battery life is solid",ProductReview
"I’ve been using the Pixel 8 for a week now, and the camera truly lives up to the hype",ProductReview
"The new Casio vintage watch I ordered is not only stylish but super affordable too",ProductReview
"Tried the LazyChef ready meals, and for frozen food it’s surprisingly flavorful",ProductReview
"This wireless vacuum cleaner is compact, efficient, and great for apartments",ProductReview
"These running shoes by StepFlex are super comfortable for long walks",ProductReview
"I tried the new green tea toner by SkinChic and it really calms down redness",ProductReview
"This foldable laptop stand I found on Amazon helps with posture and is easy to carry",ProductReview
"The Lumos Smart Helmet I tested has great visibility features for night biking",ProductReview
"I tried this Japanese rice cooker and it changed how I make meals completely",ProductReview
"This budget gaming mouse actually performs as well as high-end brands",ProductReview
"Been using the CleanScreen lens wipes, and my glasses have never been clearer",ProductReview
"This smart bulb changes color with voice control and I’ve been loving the ambiance it creates",ProductReview
"This video is brought to you by BetterBase, the all-in-one productivity tool for remote teams",sponsorship
"Today’s episode is sponsored by GlowHealth — get your first month free using the code below",sponsorship
"This video is made possible thanks to our sponsor SkillBox, where you can learn any skill online",sponsorship
"Thanks to BrightSmile for sponsoring this video — check out their new whitening kit",sponsorship
"This episode is brought to you by NordSurf, your secure and private way to browse the internet",sponsorship
"A big thank you to HoneyScoop for supporting the channel — don’t forget to install it to save money online",sponsorship
"This video was sponsored by HelloCrate, your monthly subscription for curated snacks",sponsorship
"Shoutout to SquareSpace for sponsoring this video — build your website with their easy templates",sponsorship
"Thanks to NotedAI for sponsoring this video — transform how you take notes with AI",sponsorship
"Before we begin, quick thanks to Cleanly for sponsoring today’s vlog",sponsorship
"This episode wouldn’t be possible without our sponsor Zento. Visit their site for deals",sponsorship
"This video is sponsored by BookBeat, the audiobook app I’ve been using daily",sponsorship
"Thank you to MagicBox for sponsoring today’s review",sponsorship
"Sponsored by FitSnack — get healthy snacks delivered every month",sponsorship
"Support from our sponsor Brightly enabled us to travel and shoot this episode",sponsorship
"This vlog is brought to you by JetLens — my go-to for affordable camera gear",sponsorship
"Today’s show is sponsored by MusePad, the best digital journaling tool out there",sponsorship
"Thanks to ZapCam for sponsoring the gear used in this video",sponsorship
"This review is made possible thanks to QuickCharge — fast charging accessories that really work",sponsorship
"Big thanks to DreamDesk for supporting this content",sponsorship
"We're sitting at this cozy little diner just off the highway and I ordered their signature blueberry pancakes with maple syrup. They’re fluffy and slightly crispy on the edges — just how I like them. While we eat, we’re talking about how much this place reminds us of road trips with our parents. It’s crazy how food brings back memories.",Food and Chat
"I made this giant pot of chicken biryani for dinner and invited a few friends over. While we were serving up second helpings, we started chatting about our travel plans for next month. The food turned out spicy but balanced, and the whole evening felt like a warm comfort blanket.",Food and Chat
"I went to the new vegan restaurant that opened downtown and tried their mushroom stroganoff. It had such a rich flavor, I couldn’t believe it was dairy-free. While eating, I was catching up with an old friend and we ended up laughing about our college days and all the bad meals we used to make.",Food and Chat
"We’re having sushi tonight — spicy tuna rolls, tempura shrimp, and some miso soup. While we’re eating, we’re just talking about how work has been completely overwhelming lately. Good food really helps take the edge off after a long week.",Food and Chat
"Okay so I finally got my hands on the new hair straightener from LuxStyler and I have to say, it’s a game changer. It heats up in under 30 seconds, glides smoothly over the hair, and doesn’t cause frizz. I tested it on both dry and damp hair, and the results were super sleek both times. Totally worth the price.",ProductReview
"I recently bought this smart speaker that doubles as a bedside lamp. The sound quality is crisp, bass is deep, and the ambient light is perfect for nighttime reading. I’ve been using it daily and the voice recognition works even from across the room. It's a really solid all-in-one device for the bedroom.",ProductReview
"This is the HonestSkincare Vitamin C serum I started using about two weeks ago. My skin tone already looks more even and it feels smoother to the touch. There’s a light citrus scent and the texture is silky but not oily. I apply it every morning before sunscreen and makeup, and it layers really well.",ProductReview
"I tried the new SmartCup portable blender and it’s honestly the most convenient thing for making smoothies on the go. I made a banana-berry shake with oats and it blended everything super smooth in less than a minute. It charges via USB-C and the battery lasts for a few days. Highly recommend it if you're always in a rush like me.",ProductReview
"This video is sponsored by MealMate, the app that helps you plan healthy meals and shop for groceries without wasting time. I’ve been using it for a few weeks now and it makes tracking my macros and prepping ahead so much easier. Huge thanks to them for supporting this channel!",sponsorship
"This episode is brought to you by BlinkBags, who make durable, waterproof backpacks that are perfect for travel. I’ve used mine on multiple hikes and commutes and it still looks brand new. Thanks to BlinkBags for making this video possible and supporting creators like me.",sponsorship
"This video wouldn’t be possible without the support of SkillHive, an online platform where you can learn everything from photo editing to web development. I actually took a UX design course there last month and loved the flexibility. Be sure to check them out using the link in the description.",sponsorship
"A quick thanks to SmartBudget for sponsoring today’s video. It’s an app that tracks your daily spending and gives insights into your saving patterns. I’ve personally used it to stay under budget for the last two months and it’s been a total lifesaver. Now, let’s get into today’s content!",sponsorship
"We’re just chilling at the beach with some coconut water and roasted corn, talking about how fast this year has gone by. The sun is setting and there’s music playing from a speaker nearby. Honestly, this is the kind of moment that reminds you to slow down and just enjoy things.",Food and Chat
"This morning we had homemade parathas with butter and achar, and it instantly reminded me of my childhood. While we ate, we just talked about how weird adult life is — bills, emails, work — and how we used to hate waking up for school. But now we’d trade anything to go back just for a day.",Food and Chat
"I got this new camera lens last week — the 50mm f/1.8 from Canon — and it’s been amazing for portraits. The background blur is creamy and the focus is sharp, even in low light. It’s lightweight and affordable too. If you’re starting photography or vlogging, this is such a solid pick.",ProductReview
"I tried the EcoPan ceramic cookware and cooked pasta in it last night. Nothing stuck to the surface, the handles didn’t heat up, and it cleaned like a dream. I’ve been switching to non-toxic cookware and this one fits perfectly into that goal. Plus, it looks sleek on the stove!",ProductReview
"This video is made possible by our friends at NotionFlow, the all-in-one productivity workspace. I use it to plan my content calendar, organize video scripts, and even track my fitness. It's intuitive and super customizable. Thanks again to NotionFlow for sponsoring this week’s vlog!",sponsorship
"Today’s video is brought to you by Craftly, the smart AI writing tool I’ve used for months. It helps me generate email drafts, captions, even brainstorm ideas. If you’re a content creator or student, you should definitely check it out — link in the description.",sponsorship
"Had a lunch date with my best friend today — we got butter chicken, garlic naan, and mango lassi. We laughed so much about college memories, and even made some wild future travel plans. The food was great, but the vibe and conversation were even better.",Food and Chat
"I finally reviewed the new noise-cancelling headphones by SoundJet and wow — they’re comfortable, immersive, and have a battery life that lasts nearly 30 hours. I tested them during flights and even at a noisy café, and they completely blocked out distractions. Definitely a premium experience.",ProductReview
"We were at this little café downtown that serves the most amazing lemon tarts. As we sipped our iced coffee and dug into dessert, we talked about how strange it feels to finally be done with college. There was laughter, a few nostalgic tears, and the kind of easy silence that comes with good food and good company.",Food and Chat
"Just finished dinner at the new Moroccan place — I had lamb tagine with apricots and almonds. It was rich, savory, and the spices were so well balanced. Over the meal, we talked about creative burnout and why we need breaks more often. Sometimes food gives you clarity, I swear.",Food and Chat
"I finally made that viral feta pasta recipe at home. The tomatoes roasted beautifully, the cheese melted perfectly, and it all came together with very little effort. While cooking, I was on a call with my cousin catching up on her new job and somehow we ended up planning a holiday. Food always brings people together.",Food and Chat
"We ordered Thai tonight — pad see ew for me and green curry for my partner. Over dinner, we talked about how overwhelmed we’ve been lately with work and life. It felt good to slow down, eat comfort food, and just be in the moment without checking our phones.",Food and Chat
"Today’s review is all about the new standing desk from LiftEase. I’ve been using it for three weeks now and it has absolutely changed how I work. My posture has improved, my focus lasts longer, and I love how easy it is to adjust height settings. Definitely one of the best home office upgrades I’ve made recently.",ProductReview
"This air fryer from HeatQuick is everything I hoped for — crispy fries, evenly cooked nuggets, and barely any oil. I’ve used it every single day this week and even tried baking a small cake in it. Clean-up is a breeze and it doesn’t heat up the whole kitchen. Honestly, I don’t know how I cooked without it.",ProductReview
"I picked up the new journaling app called MindLog and it’s been such a peaceful way to track my thoughts. It syncs across devices, has gentle prompts, and the UI is calming and distraction-free. I’ve actually been journaling daily for the first time in years.",ProductReview
"This video is brought to you by NotePilot, the AI-powered note-taking assistant that helps me organize my meeting transcripts and research notes. I’ve been using it for all my script prep and project planning lately. Huge thanks to NotePilot for sponsoring this video!",sponsorship
"Shoutout to ChillBean for sponsoring today’s video. They make the comfiest bean bag chairs I’ve ever owned — soft, ergonomic, and great for movie nights or just lounging. Use my code for a discount and thank you to ChillBean for supporting creators!",sponsorship
"This episode is made possible by DailyVerse, the app that gives you inspiring affirmations and journal prompts every morning. I’ve used it as part of my morning routine and it’s helped me start the day with better focus. Big thanks to them for sponsoring the channel!",sponsorship
"Had brunch at this adorable rooftop spot and got avocado toast with poached eggs and chili flakes. The view was amazing and the food even better. While we were eating, we started chatting about how unpredictable life has been lately and made a pact to travel more often. Moments like these really matter.",Food and Chat
"We were sharing garlic knots and marinara while talking about our favorite childhood cartoons. Somehow we got into a whole debate about which animated shows had the best storylines. The food was perfect for snacking while arguing passionately over nothing. Just classic friend energy.",Food and Chat
"I bought the LumiSkin LED mask after reading so many reviews and honestly, it lives up to the hype. I use it 3 times a week and my skin looks brighter and smoother already. It’s lightweight, rechargeable, and comes with different settings for acne, wrinkles, and dullness. Really feels like an at-home spa.",ProductReview
"I tried the new Ember Cup for my morning coffee and I’m genuinely impressed. It keeps my drink warm for over an hour and connects to my phone via Bluetooth to set exact temperatures. It’s a bit pricey but for someone who always forgets their coffee, it’s a game-changer.",ProductReview
"This video is sponsored by SlideSpace — the all-in-one presentation builder that I’ve used for work and school projects. It’s fast, intuitive, and loaded with design templates. Thanks to SlideSpace for supporting my channel and making slides less stressful!",sponsorship
"Big thanks to EcoCrate for sponsoring this vlog. Their monthly boxes are packed with sustainable household products and zero-waste goodies. I’ve been discovering so many cool alternatives to plastic, and it's made me feel good about my shopping choices.",sponsorship
"This new oat milk brand called CreamBean just launched and I gave it a try. It’s creamy, froths well for coffee, and actually tastes better than the usual ones I buy. Plus, it has no added sugar and comes in sustainable packaging. Definitely switching to this for now.",ProductReview
"I finally tried the hot chocolate bombs that everyone’s been posting about and they are so fun! You pour hot milk and it just melts into this creamy, chocolaty drink with marshmallows popping out. Shared one with my sister and we just sat there laughing about random memories from school. Total comfort moment.",Food and Chat
"We ordered butter garlic prawns, some garlic naan, and creamy paneer for dinner. The whole table was a mess of sauces and laughter. Between bites, we were talking about old family trips and how we should try to do one again this year. Food really does bring out the best in people.",Food and Chat
"Today’s video is made possible by FrameFix — the browser extension that lets you annotate, save, and highlight anything on the web. I use it while doing research for videos and it’s helped me organize sources so much better. Huge thanks to them for sponsoring this content!",sponsorship
"This video is brought to you by MindTrack, the ultimate habit tracker that turns self-improvement into a game. I’ve used it to track sleep, water, journaling, and even screen time. Thanks to MindTrack for supporting creators and keeping me accountable!",sponsorship
"I recently picked up the SonicBrush electric toothbrush and the difference is wild. My teeth feel cleaner, gums are healthier, and the timer keeps me honest about brushing time. It even connects to an app to show brushing patterns. High-tech dental care is officially a thing.",ProductReview
"Got a sweet deal on this cold brew coffee maker and decided to test it. The brew is smooth, less acidic than hot coffee, and honestly makes mornings feel luxurious. I’ve been making batches every weekend and storing them in mason jars. It’s the little upgrades that really elevate a routine.",ProductReview
"We were just sitting on the balcony with cups of chai and talking about how everything feels too fast these days. The biscuits were warm, and there was that breeze that makes you feel like life might actually be okay. No big plans, just sharing time and tea.",Food and Chat
